{"cameraMode":{"drawMode":0,"name":"Shaded","section":"Shading Mode"},"sceneLighting":false,"audioPlay":false,"sceneViewState":{"showFog":true,"showMaterialUpdate":false,"showSkybox":true,"showFlares":true,"showImageEffects":true,"showParticleSystems":true},"in2DMode":false,"pivot":{"x":-0.726640522480011,"y":-0.2573647201061249,"z":-1.1921827793121338},"rotation":{"x":-0.10425634682178498,"y":-0.5098182559013367,"z":0.062409672886133197,"w":-0.8516583442687988},"size":2.029785394668579,"orthographic":false}